[{"model": "admin.logentry", "pk": 1, "fields": {"action_time": "2021-12-23T07:52:13.981Z", "user": 1, "content_type": 9, "object_id": "1", "object_repr": "Technologies", "action_flag": 1, "change_message": "[{\"added\": {}}]"}}, {"model": "admin.logentry", "pk": 2, "fields": {"action_time": "2021-12-23T08:02:29.236Z", "user": 1, "content_type": 15, "object_id": "0e34edb1-07c5-41b0-ab7e-c5c2d4162183", "object_repr": "Django", "action_flag": 1, "change_message": "[{\"added\": {}}]"}}, {"model": "admin.logentry", "pk": 3, "fields": {"action_time": "2021-12-23T08:57:54.862Z", "user": 1, "content_type": 9, "object_id": "2", "object_repr": "Communications", "action_flag": 1, "change_message": "[{\"added\": {}}]"}}, {"model": "admin.logentry", "pk": 4, "fields": {"action_time": "2021-12-26T12:16:53.556Z", "user": 1, "content_type": 9, "object_id": "1", "object_repr": "Prospello Technologies", "action_flag": 2, "change_message": "[{\"changed\": {\"fields\": [\"Name\"]}}]"}}, {"model": "admin.logentry", "pk": 5, "fields": {"action_time": "2021-12-26T12:19:21.023Z", "user": 1, "content_type": 9, "object_id": "1", "object_repr": "Prospello Technologies", "action_flag": 2, "change_message": "[{\"changed\": {\"fields\": [\"Slug\"]}}]"}}, {"model": "admin.logentry", "pk": 6, "fields": {"action_time": "2021-12-26T12:20:00.387Z", "user": 1, "content_type": 9, "object_id": "2", "object_repr": "Prospello Communications", "action_flag": 2, "change_message": "[{\"changed\": {\"fields\": [\"Name\", \"Slug\"]}}]"}}, {"model": "admin.logentry", "pk": 7, "fields": {"action_time": "2021-12-26T12:20:42.821Z", "user": 1, "content_type": 9, "object_id": "2", "object_repr": "Prospello Communications", "action_flag": 2, "change_message": "[]"}}, {"model": "admin.logentry", "pk": 8, "fields": {"action_time": "2021-12-26T12:45:18.416Z", "user": 1, "content_type": 9, "object_id": "3", "object_repr": "HEU LEARN LLP", "action_flag": 1, "change_message": "[{\"added\": {}}]"}}, {"model": "admin.logentry", "pk": 9, "fields": {"action_time": "2021-12-26T12:49:25.828Z", "user": 1, "content_type": 9, "object_id": "3", "object_repr": "HEU LEARN", "action_flag": 2, "change_message": "[{\"changed\": {\"fields\": [\"Name\", \"Slug\"]}}]"}}, {"model": "admin.logentry", "pk": 10, "fields": {"action_time": "2021-12-26T13:52:19.171Z", "user": 1, "content_type": 15, "object_id": "f977eaa7-d310-4fc1-8731-ba9bb2053cee", "object_repr": "Designer", "action_flag": 1, "change_message": "[{\"added\": {}}]"}}, {"model": "admin.logentry", "pk": 11, "fields": {"action_time": "2021-12-26T13:53:32.588Z", "user": 1, "content_type": 15, "object_id": "ba31e9e5-08e8-42a4-9b15-971ad049ae45", "object_repr": "Tutor", "action_flag": 1, "change_message": "[{\"added\": {}}]"}}, {"model": "admin.logentry", "pk": 12, "fields": {"action_time": "2021-12-26T14:02:07.984Z", "user": 1, "content_type": 15, "object_id": "0e34edb1-07c5-41b0-ab7e-c5c2d4162183", "object_repr": "Django", "action_flag": 2, "change_message": "[]"}}, {"model": "admin.logentry", "pk": 13, "fields": {"action_time": "2021-12-26T14:03:13.518Z", "user": 1, "content_type": 15, "object_id": "f977eaa7-d310-4fc1-8731-ba9bb2053cee", "object_repr": "Designer", "action_flag": 3, "change_message": ""}}, {"model": "admin.logentry", "pk": 14, "fields": {"action_time": "2021-12-26T14:03:13.541Z", "user": 1, "content_type": 15, "object_id": "ba31e9e5-08e8-42a4-9b15-971ad049ae45", "object_repr": "Tutor", "action_flag": 3, "change_message": ""}}, {"model": "admin.logentry", "pk": 15, "fields": {"action_time": "2021-12-26T14:03:13.558Z", "user": 1, "content_type": 15, "object_id": "0e34edb1-07c5-41b0-ab7e-c5c2d4162183", "object_repr": "Django", "action_flag": 3, "change_message": ""}}, {"model": "admin.logentry", "pk": 16, "fields": {"action_time": "2021-12-26T14:03:28.782Z", "user": 1, "content_type": 15, "object_id": "28b265f9-1421-499d-9a4b-322c2c748828", "object_repr": "Django", "action_flag": 1, "change_message": "[{\"added\": {}}]"}}, {"model": "admin.logentry", "pk": 17, "fields": {"action_time": "2021-12-26T14:03:42.854Z", "user": 1, "content_type": 15, "object_id": "79d627d6-5def-4332-bf3d-ac8680705eb8", "object_repr": "Designer", "action_flag": 1, "change_message": "[{\"added\": {}}]"}}, {"model": "admin.logentry", "pk": 18, "fields": {"action_time": "2021-12-26T14:04:08.438Z", "user": 1, "content_type": 15, "object_id": "ee3f893d-e592-4f86-9ae5-583a7f60a708", "object_repr": "Tutor", "action_flag": 1, "change_message": "[{\"added\": {}}]"}}, {"model": "admin.logentry", "pk": 19, "fields": {"action_time": "2021-12-26T15:27:20.643Z", "user": 1, "content_type": 15, "object_id": "ee3f893d-e592-4f86-9ae5-583a7f60a708", "object_repr": "Tutor", "action_flag": 3, "change_message": ""}}, {"model": "admin.logentry", "pk": 20, "fields": {"action_time": "2021-12-26T15:29:00.560Z", "user": 1, "content_type": 15, "object_id": "95644854-d1c5-41ff-9d7e-f28b4d92e890", "object_repr": "Tutor", "action_flag": 1, "change_message": "[{\"added\": {}}]"}}, {"model": "admin.logentry", "pk": 21, "fields": {"action_time": "2021-12-26T15:37:35.115Z", "user": 1, "content_type": 11, "object_id": "1", "object_repr": "CHAI CHAYEI", "action_flag": 1, "change_message": "[{\"added\": {}}]"}}, {"model": "admin.logentry", "pk": 22, "fields": {"action_time": "2021-12-26T15:37:53.247Z", "user": 1, "content_type": 11, "object_id": "2", "object_repr": "HEU VOYAGE", "action_flag": 1, "change_message": "[{\"added\": {}}]"}}, {"model": "admin.logentry", "pk": 23, "fields": {"action_time": "2021-12-26T15:38:10.391Z", "user": 1, "content_type": 11, "object_id": "3", "object_repr": "HEU STORE", "action_flag": 1, "change_message": "[{\"added\": {}}]"}}, {"model": "admin.logentry", "pk": 24, "fields": {"action_time": "2021-12-26T15:53:36.739Z", "user": 1, "content_type": 13, "object_id": "1", "object_repr": "FADHIL FAEZ", "action_flag": 1, "change_message": "[{\"added\": {}}, {\"added\": {\"name\": \"role\", \"object\": \"Role object (1)\"}}, {\"added\": {\"name\": \"role\", \"object\": \"Role object (2)\"}}, {\"added\": {\"name\": \"role\", \"object\": \"Role object (3)\"}}, {\"added\": {\"name\": \"role\", \"object\": \"Role object (4)\"}}, {\"added\": {\"name\": \"role\", \"object\": \"Role object (5)\"}}, {\"added\": {\"name\": \"role\", \"object\": \"Role object (6)\"}}, {\"added\": {\"name\": \"role\", \"object\": \"Role object (7)\"}}, {\"added\": {\"name\": \"role\", \"object\": \"Role object (8)\"}}]"}}, {"model": "admin.logentry", "pk": 25, "fields": {"action_time": "2021-12-26T15:55:18.752Z", "user": 1, "content_type": 13, "object_id": "2", "object_repr": "ADNAN LATHEEF EKP", "action_flag": 1, "change_message": "[{\"added\": {}}, {\"added\": {\"name\": \"role\", \"object\": \"Role object (9)\"}}, {\"added\": {\"name\": \"role\", \"object\": \"Role object (10)\"}}, {\"added\": {\"name\": \"role\", \"object\": \"Role object (11)\"}}, {\"added\": {\"name\": \"role\", \"object\": \"Role object (12)\"}}]"}}, {"model": "admin.logentry", "pk": 26, "fields": {"action_time": "2021-12-26T15:58:54.241Z", "user": 1, "content_type": 10, "object_id": "1", "object_repr": "PROSPELLO CHARITABLE FOUNDATION", "action_flag": 1, "change_message": "[{\"added\": {}}]"}}, {"model": "admin.logentry", "pk": 27, "fields": {"action_time": "2021-12-26T16:05:37.694Z", "user": 1, "content_type": 12, "object_id": "1", "object_repr": "1", "action_flag": 1, "change_message": "[{\"added\": {}}]"}}, {"model": "admin.logentry", "pk": 28, "fields": {"action_time": "2021-12-28T03:26:07.060Z", "user": 1, "content_type": 15, "object_id": "cde8ba82-be4e-4f35-97e7-8179e92fdbde", "object_repr": "React Native", "action_flag": 1, "change_message": "[{\"added\": {}}]"}}, {"model": "admin.logentry", "pk": 29, "fields": {"action_time": "2021-12-28T03:27:25.054Z", "user": 1, "content_type": 15, "object_id": "ec92b92f-53f6-4d97-b223-d08df193dee2", "object_repr": "Marketing", "action_flag": 1, "change_message": "[{\"added\": {}}]"}}, {"model": "admin.logentry", "pk": 30, "fields": {"action_time": "2021-12-28T03:31:19.607Z", "user": 1, "content_type": 15, "object_id": "28b265f9-1421-499d-9a4b-322c2c748828", "object_repr": "Django", "action_flag": 2, "change_message": "[{\"changed\": {\"fields\": [\"Image\"]}}]"}}, {"model": "admin.logentry", "pk": 31, "fields": {"action_time": "2021-12-28T03:31:36.237Z", "user": 1, "content_type": 15, "object_id": "95644854-d1c5-41ff-9d7e-f28b4d92e890", "object_repr": "Tutor", "action_flag": 2, "change_message": "[{\"changed\": {\"fields\": [\"Image\"]}}]"}}, {"model": "admin.logentry", "pk": 32, "fields": {"action_time": "2021-12-28T03:32:08.675Z", "user": 1, "content_type": 15, "object_id": "79d627d6-5def-4332-bf3d-ac8680705eb8", "object_repr": "Designer", "action_flag": 2, "change_message": "[{\"changed\": {\"fields\": [\"Image\"]}}]"}}, {"model": "admin.logentry", "pk": 33, "fields": {"action_time": "2021-12-28T03:32:25.425Z", "user": 1, "content_type": 15, "object_id": "cde8ba82-be4e-4f35-97e7-8179e92fdbde", "object_repr": "React Native", "action_flag": 2, "change_message": "[{\"changed\": {\"fields\": [\"Image\"]}}]"}}, {"model": "admin.logentry", "pk": 34, "fields": {"action_time": "2021-12-28T04:00:16.243Z", "user": 1, "content_type": 13, "object_id": "3", "object_repr": "PV ANFAS", "action_flag": 1, "change_message": "[{\"added\": {}}, {\"added\": {\"name\": \"role\", \"object\": \"Role object (13)\"}}, {\"added\": {\"name\": \"role\", \"object\": \"Role object (14)\"}}, {\"added\": {\"name\": \"role\", \"object\": \"Role object (15)\"}}, {\"added\": {\"name\": \"role\", \"object\": \"Role object (16)\"}}]"}}, {"model": "admin.logentry", "pk": 35, "fields": {"action_time": "2021-12-28T04:01:27.395Z", "user": 1, "content_type": 13, "object_id": "4", "object_repr": "YAQOOB KC", "action_flag": 1, "change_message": "[{\"added\": {}}, {\"added\": {\"name\": \"role\", \"object\": \"Role object (17)\"}}, {\"added\": {\"name\": \"role\", \"object\": \"Role object (18)\"}}, {\"added\": {\"name\": \"role\", \"object\": \"Role object (19)\"}}, {\"added\": {\"name\": \"role\", \"object\": \"Role object (20)\"}}]"}}, {"model": "admin.logentry", "pk": 36, "fields": {"action_time": "2021-12-28T04:03:05.241Z", "user": 1, "content_type": 13, "object_id": "5", "object_repr": "PRABHINA", "action_flag": 1, "change_message": "[{\"added\": {}}]"}}, {"model": "admin.logentry", "pk": 37, "fields": {"action_time": "2021-12-28T04:06:30.281Z", "user": 1, "content_type": 8, "object_id": "2", "object_repr": "anas", "action_flag": 2, "change_message": "[{\"changed\": {\"fields\": [\"Person\"]}}]"}}, {"model": "admin.logentry", "pk": 38, "fields": {"action_time": "2021-12-28T04:17:41.063Z", "user": 1, "content_type": 15, "object_id": "28b265f9-1421-499d-9a4b-322c2c748828", "object_repr": "Django", "action_flag": 2, "change_message": "[{\"changed\": {\"fields\": [\"Image\"]}}]"}}, {"model": "admin.logentry", "pk": 39, "fields": {"action_time": "2021-12-28T04:19:05.594Z", "user": 1, "content_type": 15, "object_id": "cde8ba82-be4e-4f35-97e7-8179e92fdbde", "object_repr": "React Native", "action_flag": 2, "change_message": "[{\"changed\": {\"fields\": [\"Image\"]}}]"}}, {"model": "admin.logentry", "pk": 40, "fields": {"action_time": "2021-12-28T04:33:02.265Z", "user": 1, "content_type": 15, "object_id": "95644854-d1c5-41ff-9d7e-f28b4d92e890", "object_repr": "Tutor", "action_flag": 2, "change_message": "[{\"changed\": {\"fields\": [\"Image\"]}}]"}}, {"model": "admin.logentry", "pk": 41, "fields": {"action_time": "2021-12-28T04:38:44.833Z", "user": 1, "content_type": 15, "object_id": "28b265f9-1421-499d-9a4b-322c2c748828", "object_repr": "Django", "action_flag": 2, "change_message": "[{\"changed\": {\"fields\": [\"Image\"]}}]"}}, {"model": "admin.logentry", "pk": 42, "fields": {"action_time": "2021-12-28T04:39:04.823Z", "user": 1, "content_type": 15, "object_id": "cde8ba82-be4e-4f35-97e7-8179e92fdbde", "object_repr": "React Native", "action_flag": 2, "change_message": "[{\"changed\": {\"fields\": [\"Image\"]}}]"}}, {"model": "admin.logentry", "pk": 43, "fields": {"action_time": "2021-12-28T04:40:14.920Z", "user": 1, "content_type": 15, "object_id": "95644854-d1c5-41ff-9d7e-f28b4d92e890", "object_repr": "Tutor", "action_flag": 2, "change_message": "[{\"changed\": {\"fields\": [\"Image\"]}}]"}}, {"model": "admin.logentry", "pk": 44, "fields": {"action_time": "2021-12-28T04:42:37.644Z", "user": 1, "content_type": 15, "object_id": "cde8ba82-be4e-4f35-97e7-8179e92fdbde", "object_repr": "React Native", "action_flag": 2, "change_message": "[{\"changed\": {\"fields\": [\"Image\"]}}]"}}, {"model": "admin.logentry", "pk": 45, "fields": {"action_time": "2021-12-28T04:44:08.448Z", "user": 1, "content_type": 15, "object_id": "95644854-d1c5-41ff-9d7e-f28b4d92e890", "object_repr": "Tutor", "action_flag": 2, "change_message": "[{\"changed\": {\"fields\": [\"Image\"]}}]"}}, {"model": "admin.logentry", "pk": 46, "fields": {"action_time": "2021-12-28T05:01:26.636Z", "user": 1, "content_type": 15, "object_id": "95644854-d1c5-41ff-9d7e-f28b4d92e890", "object_repr": "Tutor", "action_flag": 2, "change_message": "[{\"changed\": {\"fields\": [\"Image\"]}}]"}}, {"model": "admin.logentry", "pk": 47, "fields": {"action_time": "2021-12-28T05:17:24.562Z", "user": 1, "content_type": 15, "object_id": "95644854-d1c5-41ff-9d7e-f28b4d92e890", "object_repr": "Tutor", "action_flag": 2, "change_message": "[{\"changed\": {\"fields\": [\"Image\"]}}]"}}, {"model": "admin.logentry", "pk": 48, "fields": {"action_time": "2021-12-28T05:17:24.597Z", "user": 1, "content_type": 15, "object_id": "95644854-d1c5-41ff-9d7e-f28b4d92e890", "object_repr": "Tutor", "action_flag": 2, "change_message": "[{\"changed\": {\"fields\": [\"Image\"]}}]"}}, {"model": "admin.logentry", "pk": 49, "fields": {"action_time": "2021-12-28T05:23:07.959Z", "user": 1, "content_type": 15, "object_id": "95644854-d1c5-41ff-9d7e-f28b4d92e890", "object_repr": "Tutor", "action_flag": 2, "change_message": "[{\"changed\": {\"fields\": [\"Image\"]}}]"}}, {"model": "admin.logentry", "pk": 50, "fields": {"action_time": "2021-12-28T05:32:01.830Z", "user": 1, "content_type": 15, "object_id": "95644854-d1c5-41ff-9d7e-f28b4d92e890", "object_repr": "Tutor", "action_flag": 2, "change_message": "[{\"changed\": {\"fields\": [\"Image\"]}}]"}}, {"model": "admin.logentry", "pk": 51, "fields": {"action_time": "2021-12-28T05:35:04.268Z", "user": 1, "content_type": 15, "object_id": "95644854-d1c5-41ff-9d7e-f28b4d92e890", "object_repr": "Tutor", "action_flag": 2, "change_message": "[{\"changed\": {\"fields\": [\"Image\"]}}]"}}, {"model": "admin.logentry", "pk": 52, "fields": {"action_time": "2021-12-28T05:36:49.227Z", "user": 1, "content_type": 15, "object_id": "79d627d6-5def-4332-bf3d-ac8680705eb8", "object_repr": "Designer", "action_flag": 2, "change_message": "[{\"changed\": {\"fields\": [\"Image\"]}}]"}}, {"model": "admin.logentry", "pk": 53, "fields": {"action_time": "2021-12-28T05:39:59.221Z", "user": 1, "content_type": 15, "object_id": "79d627d6-5def-4332-bf3d-ac8680705eb8", "object_repr": "Designer", "action_flag": 2, "change_message": "[{\"changed\": {\"fields\": [\"Image\"]}}]"}}, {"model": "admin.logentry", "pk": 54, "fields": {"action_time": "2021-12-28T05:49:20.957Z", "user": 1, "content_type": 15, "object_id": "28b265f9-1421-499d-9a4b-322c2c748828", "object_repr": "Django", "action_flag": 2, "change_message": "[{\"changed\": {\"fields\": [\"Image\"]}}]"}}, {"model": "admin.logentry", "pk": 55, "fields": {"action_time": "2021-12-28T05:49:48.889Z", "user": 1, "content_type": 15, "object_id": "cde8ba82-be4e-4f35-97e7-8179e92fdbde", "object_repr": "React Native", "action_flag": 2, "change_message": "[{\"changed\": {\"fields\": [\"Image\"]}}]"}}, {"model": "admin.logentry", "pk": 56, "fields": {"action_time": "2021-12-28T05:53:54.644Z", "user": 1, "content_type": 15, "object_id": "95644854-d1c5-41ff-9d7e-f28b4d92e890", "object_repr": "Tutor", "action_flag": 2, "change_message": "[{\"changed\": {\"fields\": [\"Image\"]}}]"}}, {"model": "admin.logentry", "pk": 57, "fields": {"action_time": "2021-12-28T06:15:00.738Z", "user": 1, "content_type": 15, "object_id": "cde8ba82-be4e-4f35-97e7-8179e92fdbde", "object_repr": "React Native", "action_flag": 2, "change_message": "[{\"changed\": {\"fields\": [\"Image\"]}}]"}}, {"model": "admin.logentry", "pk": 58, "fields": {"action_time": "2021-12-28T06:19:51.408Z", "user": 1, "content_type": 15, "object_id": "c1cd4536-251e-4f31-a38e-9d375aa906b9", "object_repr": "Tutor", "action_flag": 1, "change_message": "[{\"added\": {}}]"}}, {"model": "admin.logentry", "pk": 59, "fields": {"action_time": "2021-12-28T06:21:00.531Z", "user": 1, "content_type": 15, "object_id": "ec92b92f-53f6-4d97-b223-d08df193dee2", "object_repr": "Marketing", "action_flag": 2, "change_message": "[{\"changed\": {\"fields\": [\"Image\"]}}]"}}, {"model": "admin.logentry", "pk": 60, "fields": {"action_time": "2021-12-28T06:22:29.796Z", "user": 1, "content_type": 15, "object_id": "ec92b92f-53f6-4d97-b223-d08df193dee2", "object_repr": "Marketing", "action_flag": 2, "change_message": "[{\"changed\": {\"fields\": [\"Image\"]}}]"}}, {"model": "admin.logentry", "pk": 61, "fields": {"action_time": "2021-12-28T07:11:05.340Z", "user": 1, "content_type": 17, "object_id": "1", "object_repr": "1", "action_flag": 1, "change_message": "[{\"added\": {}}]"}}, {"model": "admin.logentry", "pk": 62, "fields": {"action_time": "2021-12-28T07:12:22.429Z", "user": 1, "content_type": 17, "object_id": "2", "object_repr": "2", "action_flag": 1, "change_message": "[{\"added\": {}}]"}}, {"model": "admin.logentry", "pk": 63, "fields": {"action_time": "2021-12-28T07:13:49.482Z", "user": 1, "content_type": 17, "object_id": "3", "object_repr": "3", "action_flag": 1, "change_message": "[{\"added\": {}}]"}}, {"model": "admin.logentry", "pk": 64, "fields": {"action_time": "2021-12-28T07:14:46.208Z", "user": 1, "content_type": 17, "object_id": "4", "object_repr": "4", "action_flag": 1, "change_message": "[{\"added\": {}}]"}}, {"model": "admin.logentry", "pk": 65, "fields": {"action_time": "2021-12-28T07:16:02.940Z", "user": 1, "content_type": 17, "object_id": "5", "object_repr": "5", "action_flag": 1, "change_message": "[{\"added\": {}}]"}}, {"model": "admin.logentry", "pk": 66, "fields": {"action_time": "2021-12-28T07:16:27.516Z", "user": 1, "content_type": 17, "object_id": "6", "object_repr": "6", "action_flag": 1, "change_message": "[{\"added\": {}}]"}}, {"model": "admin.logentry", "pk": 67, "fields": {"action_time": "2021-12-28T07:22:38.574Z", "user": 1, "content_type": 17, "object_id": "1", "object_repr": "1", "action_flag": 2, "change_message": "[{\"changed\": {\"fields\": [\"Bg image\"]}}]"}}, {"model": "admin.logentry", "pk": 68, "fields": {"action_time": "2021-12-28T07:22:53.489Z", "user": 1, "content_type": 17, "object_id": "6", "object_repr": "6", "action_flag": 2, "change_message": "[{\"changed\": {\"fields\": [\"Bg image\"]}}]"}}, {"model": "admin.logentry", "pk": 69, "fields": {"action_time": "2021-12-29T05:00:06.037Z", "user": 1, "content_type": 9, "object_id": "1", "object_repr": "Prospello Technologies", "action_flag": 2, "change_message": "[{\"changed\": {\"fields\": [\"Bg image\", \"Sub title\"]}}]"}}, {"model": "admin.logentry", "pk": 70, "fields": {"action_time": "2021-12-29T05:01:37.266Z", "user": 1, "content_type": 9, "object_id": "2", "object_repr": "Prospello Communications", "action_flag": 2, "change_message": "[{\"changed\": {\"fields\": [\"Bg image\", \"Sub title\"]}}]"}}, {"model": "admin.logentry", "pk": 71, "fields": {"action_time": "2021-12-29T05:02:15.787Z", "user": 1, "content_type": 9, "object_id": "3", "object_repr": "HEU LEARN", "action_flag": 2, "change_message": "[{\"changed\": {\"fields\": [\"Bg image\", \"Sub title\"]}}]"}}, {"model": "admin.logentry", "pk": 72, "fields": {"action_time": "2021-12-29T05:08:28.367Z", "user": 1, "content_type": 9, "object_id": "4", "object_repr": "testbusiness", "action_flag": 1, "change_message": "[{\"added\": {}}]"}}, {"model": "admin.logentry", "pk": 73, "fields": {"action_time": "2021-12-29T05:12:02.676Z", "user": 1, "content_type": 9, "object_id": "4", "object_repr": "testbusiness", "action_flag": 3, "change_message": ""}}, {"model": "admin.logentry", "pk": 74, "fields": {"action_time": "2021-12-29T05:15:22.233Z", "user": 1, "content_type": 7, "object_id": "2", "object_repr": "YAQOOB KC", "action_flag": 3, "change_message": ""}}, {"model": "admin.logentry", "pk": 75, "fields": {"action_time": "2021-12-29T05:15:29.311Z", "user": 1, "content_type": 7, "object_id": "1", "object_repr": "MOHAMMED ANVAR K", "action_flag": 3, "change_message": ""}}, {"model": "admin.logentry", "pk": 76, "fields": {"action_time": "2021-12-29T05:15:36.850Z", "user": 1, "content_type": 8, "object_id": "3", "object_repr": "TREYHQY", "action_flag": 3, "change_message": ""}}, {"model": "admin.logentry", "pk": 77, "fields": {"action_time": "2021-12-29T05:15:37.103Z", "user": 1, "content_type": 8, "object_id": "2", "object_repr": "anas", "action_flag": 3, "change_message": ""}}, {"model": "admin.logentry", "pk": 78, "fields": {"action_time": "2021-12-29T05:15:37.284Z", "user": 1, "content_type": 8, "object_id": "1", "object_repr": "MOHAMMED ANVAR K", "action_flag": 3, "change_message": ""}}, {"model": "auth.permission", "pk": 1, "fields": {"name": "Can add log entry", "content_type": 1, "codename": "add_logentry"}}, {"model": "auth.permission", "pk": 2, "fields": {"name": "Can change log entry", "content_type": 1, "codename": "change_logentry"}}, {"model": "auth.permission", "pk": 3, "fields": {"name": "Can delete log entry", "content_type": 1, "codename": "delete_logentry"}}, {"model": "auth.permission", "pk": 4, "fields": {"name": "Can view log entry", "content_type": 1, "codename": "view_logentry"}}, {"model": "auth.permission", "pk": 5, "fields": {"name": "Can add permission", "content_type": 2, "codename": "add_permission"}}, {"model": "auth.permission", "pk": 6, "fields": {"name": "Can change permission", "content_type": 2, "codename": "change_permission"}}, {"model": "auth.permission", "pk": 7, "fields": {"name": "Can delete permission", "content_type": 2, "codename": "delete_permission"}}, {"model": "auth.permission", "pk": 8, "fields": {"name": "Can view permission", "content_type": 2, "codename": "view_permission"}}, {"model": "auth.permission", "pk": 9, "fields": {"name": "Can add group", "content_type": 3, "codename": "add_group"}}, {"model": "auth.permission", "pk": 10, "fields": {"name": "Can change group", "content_type": 3, "codename": "change_group"}}, {"model": "auth.permission", "pk": 11, "fields": {"name": "Can delete group", "content_type": 3, "codename": "delete_group"}}, {"model": "auth.permission", "pk": 12, "fields": {"name": "Can view group", "content_type": 3, "codename": "view_group"}}, {"model": "auth.permission", "pk": 13, "fields": {"name": "Can add user", "content_type": 4, "codename": "add_user"}}, {"model": "auth.permission", "pk": 14, "fields": {"name": "Can change user", "content_type": 4, "codename": "change_user"}}, {"model": "auth.permission", "pk": 15, "fields": {"name": "Can delete user", "content_type": 4, "codename": "delete_user"}}, {"model": "auth.permission", "pk": 16, "fields": {"name": "Can view user", "content_type": 4, "codename": "view_user"}}, {"model": "auth.permission", "pk": 17, "fields": {"name": "Can add content type", "content_type": 5, "codename": "add_contenttype"}}, {"model": "auth.permission", "pk": 18, "fields": {"name": "Can change content type", "content_type": 5, "codename": "change_contenttype"}}, {"model": "auth.permission", "pk": 19, "fields": {"name": "Can delete content type", "content_type": 5, "codename": "delete_contenttype"}}, {"model": "auth.permission", "pk": 20, "fields": {"name": "Can view content type", "content_type": 5, "codename": "view_contenttype"}}, {"model": "auth.permission", "pk": 21, "fields": {"name": "Can add session", "content_type": 6, "codename": "add_session"}}, {"model": "auth.permission", "pk": 22, "fields": {"name": "Can change session", "content_type": 6, "codename": "change_session"}}, {"model": "auth.permission", "pk": 23, "fields": {"name": "Can delete session", "content_type": 6, "codename": "delete_session"}}, {"model": "auth.permission", "pk": 24, "fields": {"name": "Can view session", "content_type": 6, "codename": "view_session"}}, {"model": "auth.permission", "pk": 25, "fields": {"name": "Can add apply post", "content_type": 7, "codename": "add_applypost"}}, {"model": "auth.permission", "pk": 26, "fields": {"name": "Can change apply post", "content_type": 7, "codename": "change_applypost"}}, {"model": "auth.permission", "pk": 27, "fields": {"name": "Can delete apply post", "content_type": 7, "codename": "delete_applypost"}}, {"model": "auth.permission", "pk": 28, "fields": {"name": "Can view apply post", "content_type": 7, "codename": "view_applypost"}}, {"model": "auth.permission", "pk": 29, "fields": {"name": "Can add appoinment", "content_type": 8, "codename": "add_appoinment"}}, {"model": "auth.permission", "pk": 30, "fields": {"name": "Can change appoinment", "content_type": 8, "codename": "change_appoinment"}}, {"model": "auth.permission", "pk": 31, "fields": {"name": "Can delete appoinment", "content_type": 8, "codename": "delete_appoinment"}}, {"model": "auth.permission", "pk": 32, "fields": {"name": "Can view appoinment", "content_type": 8, "codename": "view_appoinment"}}, {"model": "auth.permission", "pk": 33, "fields": {"name": "Can add business", "content_type": 9, "codename": "add_business"}}, {"model": "auth.permission", "pk": 34, "fields": {"name": "Can change business", "content_type": 9, "codename": "change_business"}}, {"model": "auth.permission", "pk": 35, "fields": {"name": "Can delete business", "content_type": 9, "codename": "delete_business"}}, {"model": "auth.permission", "pk": 36, "fields": {"name": "Can view business", "content_type": 9, "codename": "view_business"}}, {"model": "auth.permission", "pk": 37, "fields": {"name": "Can add Community", "content_type": 10, "codename": "add_community"}}, {"model": "auth.permission", "pk": 38, "fields": {"name": "Can change Community", "content_type": 10, "codename": "change_community"}}, {"model": "auth.permission", "pk": 39, "fields": {"name": "Can delete Community", "content_type": 10, "codename": "delete_community"}}, {"model": "auth.permission", "pk": 40, "fields": {"name": "Can view Community", "content_type": 10, "codename": "view_community"}}, {"model": "auth.permission", "pk": 41, "fields": {"name": "Can add Upcoming Project", "content_type": 11, "codename": "add_project"}}, {"model": "auth.permission", "pk": 42, "fields": {"name": "Can change Upcoming Project", "content_type": 11, "codename": "change_project"}}, {"model": "auth.permission", "pk": 43, "fields": {"name": "Can delete Upcoming Project", "content_type": 11, "codename": "delete_project"}}, {"model": "auth.permission", "pk": 44, "fields": {"name": "Can view Upcoming Project", "content_type": 11, "codename": "view_project"}}, {"model": "auth.permission", "pk": 45, "fields": {"name": "Can add social links", "content_type": 12, "codename": "add_social"}}, {"model": "auth.permission", "pk": 46, "fields": {"name": "Can change social links", "content_type": 12, "codename": "change_social"}}, {"model": "auth.permission", "pk": 47, "fields": {"name": "Can delete social links", "content_type": 12, "codename": "delete_social"}}, {"model": "auth.permission", "pk": 48, "fields": {"name": "Can view social links", "content_type": 12, "codename": "view_social"}}, {"model": "auth.permission", "pk": 49, "fields": {"name": "Can add leadership team", "content_type": 13, "codename": "add_team"}}, {"model": "auth.permission", "pk": 50, "fields": {"name": "Can change leadership team", "content_type": 13, "codename": "change_team"}}, {"model": "auth.permission", "pk": 51, "fields": {"name": "Can delete leadership team", "content_type": 13, "codename": "delete_team"}}, {"model": "auth.permission", "pk": 52, "fields": {"name": "Can view leadership team", "content_type": 13, "codename": "view_team"}}, {"model": "auth.permission", "pk": 53, "fields": {"name": "Can add role", "content_type": 14, "codename": "add_role"}}, {"model": "auth.permission", "pk": 54, "fields": {"name": "Can change role", "content_type": 14, "codename": "change_role"}}, {"model": "auth.permission", "pk": 55, "fields": {"name": "Can delete role", "content_type": 14, "codename": "delete_role"}}, {"model": "auth.permission", "pk": 56, "fields": {"name": "Can view role", "content_type": 14, "codename": "view_role"}}, {"model": "auth.permission", "pk": 57, "fields": {"name": "Can add career", "content_type": 15, "codename": "add_career"}}, {"model": "auth.permission", "pk": 58, "fields": {"name": "Can change career", "content_type": 15, "codename": "change_career"}}, {"model": "auth.permission", "pk": 59, "fields": {"name": "Can delete career", "content_type": 15, "codename": "delete_career"}}, {"model": "auth.permission", "pk": 60, "fields": {"name": "Can view career", "content_type": 15, "codename": "view_career"}}, {"model": "auth.permission", "pk": 61, "fields": {"name": "Can add kv store", "content_type": 16, "codename": "add_kvstore"}}, {"model": "auth.permission", "pk": 62, "fields": {"name": "Can change kv store", "content_type": 16, "codename": "change_kvstore"}}, {"model": "auth.permission", "pk": 63, "fields": {"name": "Can delete kv store", "content_type": 16, "codename": "delete_kvstore"}}, {"model": "auth.permission", "pk": 64, "fields": {"name": "Can view kv store", "content_type": 16, "codename": "view_kvstore"}}, {"model": "auth.permission", "pk": 65, "fields": {"name": "Can add home slider", "content_type": 17, "codename": "add_homeslider"}}, {"model": "auth.permission", "pk": 66, "fields": {"name": "Can change home slider", "content_type": 17, "codename": "change_homeslider"}}, {"model": "auth.permission", "pk": 67, "fields": {"name": "Can delete home slider", "content_type": 17, "codename": "delete_homeslider"}}, {"model": "auth.permission", "pk": 68, "fields": {"name": "Can view home slider", "content_type": 17, "codename": "view_homeslider"}}, {"model": "auth.user", "pk": 1, "fields": {"password": "pbkdf2_sha256$320000$GnpfNR1pRoqnxv7aTqCHC3$Qq1wIlIe1yMhgMtisAoTxR9GQevd7lsdxyMNC2QXxGE=", "last_login": "2021-12-28T03:25:01.301Z", "is_superuser": true, "username": "admin", "first_name": "", "last_name": "", "email": "", "is_staff": true, "is_active": true, "date_joined": "2021-12-23T07:48:54.338Z", "groups": [], "user_permissions": []}}, {"model": "contenttypes.contenttype", "pk": 1, "fields": {"app_label": "admin", "model": "logentry"}}, {"model": "contenttypes.contenttype", "pk": 2, "fields": {"app_label": "auth", "model": "permission"}}, {"model": "contenttypes.contenttype", "pk": 3, "fields": {"app_label": "auth", "model": "group"}}, {"model": "contenttypes.contenttype", "pk": 4, "fields": {"app_label": "auth", "model": "user"}}, {"model": "contenttypes.contenttype", "pk": 5, "fields": {"app_label": "contenttypes", "model": "contenttype"}}, {"model": "contenttypes.contenttype", "pk": 6, "fields": {"app_label": "sessions", "model": "session"}}, {"model": "contenttypes.contenttype", "pk": 7, "fields": {"app_label": "web", "model": "applypost"}}, {"model": "contenttypes.contenttype", "pk": 8, "fields": {"app_label": "web", "model": "appoinment"}}, {"model": "contenttypes.contenttype", "pk": 9, "fields": {"app_label": "web", "model": "business"}}, {"model": "contenttypes.contenttype", "pk": 10, "fields": {"app_label": "web", "model": "community"}}, {"model": "contenttypes.contenttype", "pk": 11, "fields": {"app_label": "web", "model": "project"}}, {"model": "contenttypes.contenttype", "pk": 12, "fields": {"app_label": "web", "model": "social"}}, {"model": "contenttypes.contenttype", "pk": 13, "fields": {"app_label": "web", "model": "team"}}, {"model": "contenttypes.contenttype", "pk": 14, "fields": {"app_label": "web", "model": "role"}}, {"model": "contenttypes.contenttype", "pk": 15, "fields": {"app_label": "web", "model": "career"}}, {"model": "contenttypes.contenttype", "pk": 16, "fields": {"app_label": "thumbnail", "model": "kvstore"}}, {"model": "contenttypes.contenttype", "pk": 17, "fields": {"app_label": "web", "model": "homeslider"}}, {"model": "sessions.session", "pk": "1nzpob7g5srfva8146xx8xvnxtu6d0p3", "fields": {"session_data": ".eJxVjEEOwiAQRe_C2hBgoIBL956BzDBUqoYmpV0Z765NutDtf-_9l0i4rTVtvSxpYnEWWpx-N8L8KG0HfMd2m2We27pMJHdFHrTL68zleTncv4OKvX5r5QppZAtDsDxC9uQAg4cYAZ1WBpWHHIMuzg-jJiDQxExgorG-KBTvD9FbN2A:1n0IqX:wh13oqYzHijTsTxZFdQJzean75ZhwGaf1O2HOttbGKs", "expire_date": "2022-01-06T07:49:05.122Z"}}, {"model": "sessions.session", "pk": "75mc4vaq6efld38b1znsptmyi6uezktu", "fields": {"session_data": ".eJxVjEEOwiAQRe_C2hBgoIBL956BzDBUqoYmpV0Z765NutDtf-_9l0i4rTVtvSxpYnEWWpx-N8L8KG0HfMd2m2We27pMJHdFHrTL68zleTncv4OKvX5r5QppZAtDsDxC9uQAg4cYAZ1WBpWHHIMuzg-jJiDQxExgorG-KBTvD9FbN2A:1n0LEi:Met2yZD9Gx-NUTEpj8fK5-SBNja3c4ZH5XlD2G-IjgI", "expire_date": "2022-01-06T10:22:12.235Z"}}, {"model": "sessions.session", "pk": "8n7f0shxlqc0erq47cy6bspz5fwb9hef", "fields": {"session_data": ".eJxVjEEOwiAQRe_C2hBgoIBL956BzDBUqoYmpV0Z765NutDtf-_9l0i4rTVtvSxpYnEWWpx-N8L8KG0HfMd2m2We27pMJHdFHrTL68zleTncv4OKvX5r5QppZAtDsDxC9uQAg4cYAZ1WBpWHHIMuzg-jJiDQxExgorG-KBTvD9FbN2A:1n236j:KX5Qq66kNNpUzO_rmmNaBt8VTvB1q-Erau26g2n_6qo", "expire_date": "2022-01-11T03:25:01.666Z"}}, {"model": "web.business", "pk": 1, "fields": {"name": "Prospello Technologies", "bg_image": "web/Home/tech2_3wjVEga.jpeg", "slug": "prospello-technologies", "title": "PROSPELLO TECHNOLOGIES PVT LTD", "sub_title": "TECHNOLOGY", "description": "Prospello Technologies PVT LTD is an Innovative Technical Establishment of Prospello Global Group of companies as a leading global information technology, consulting and business process services company. Which harness the power of cognitive computing, hyper-automation, robotics, cloud, analytics and emerging technologies to help our clients and the public adapt to the digital world and make them comfortable and successful . A company recognized for its innovative and Technically advanced portfolio of services including Web, App, Software, Hardware and what not all what technologies can provide with. Our strong commitment to sustainability and good corporate citizenship, we have our team dedicated to providing Enhancement in the tech world. Together, we discover ideas and connect the dots to build a better and a bold future"}}, {"model": "web.business", "pk": 2, "fields": {"name": "Prospello Communications", "bg_image": "web/Home/communications_d3NLTjq.jpeg", "slug": "prospello-communications", "title": "PROSPELLO COMMUNICATIONS PVT LTD", "sub_title": "Integrated Marketing and Communication", "description": "Prospello communications is an integrated marketing communication company established by prospello which is a go-to establishment for the very best in branding, marketing, advertising and communications services and products. A company which is highly dedicated in providing the customers with the very best of whatever it is that they want to brand, advertise, or market their companies, with an emphasis on the quality of the product, strategy, design and service"}}, {"model": "web.business", "pk": 3, "fields": {"name": "HEU LEARN", "bg_image": "web/Home/hulern_c7m9LC4.jpeg", "slug": "heu-learn", "title": "HEU LEARN LLP", "sub_title": "EDUCATION", "description": "Heu Learn is an innovative Education platform founded by Prospello which aims to enhance the skill\r\nand education of the coming generation to Ensure they learn with a goal. With innovative strategies\r\nheu learn provides a different learning experience to students and ensures their talents are\r\nenhanced. This finishing school concept of heu learn is placed to be one of the best ed start-up in\r\nindia featured in fox interviewer and daily hunt in 2021 with its exclusive courses and innovative\r\nsub-domain projects"}}, {"model": "web.career", "pk": "28b265f9-1421-499d-9a4b-322c2c748828", "fields": {"business": 1, "job_name": "Django", "image": "web/career/django.png", "job_description": "Senior Django Developer", "date": "2021-12-28T05:49:20.956Z"}}, {"model": "web.career", "pk": "79d627d6-5def-4332-bf3d-ac8680705eb8", "fields": {"business": 2, "job_name": "Designer", "image": "web/career/designer_ej0Juw3.jpeg", "job_description": "Graphic Designer", "date": "2021-12-28T05:39:59.216Z"}}, {"model": "web.career", "pk": "95644854-d1c5-41ff-9d7e-f28b4d92e890", "fields": {"business": 3, "job_name": "Tutor", "image": "web/career/tutor_zj5ra3k.jpeg", "job_description": "Python Tutor", "date": "2021-12-28T05:53:54.642Z"}}, {"model": "web.career", "pk": "c1cd4536-251e-4f31-a38e-9d375aa906b9", "fields": {"business": 3, "job_name": "Tutor", "image": "web/career/default.jpg", "job_description": "UI UX Tutor", "date": "2021-12-28T06:19:51.341Z"}}, {"model": "web.career", "pk": "cde8ba82-be4e-4f35-97e7-8179e92fdbde", "fields": {"business": 1, "job_name": "React Native", "image": "web/career/react-native_izOcBtm.jpeg", "job_description": "Senior React Native Developer", "date": "2021-12-28T06:15:00.713Z"}}, {"model": "web.career", "pk": "ec92b92f-53f6-4d97-b223-d08df193dee2", "fields": {"business": 2, "job_name": "Marketing", "image": "web/career/marketing.jpeg.jpeg", "job_description": "Digital Marketing Executive", "date": "2021-12-28T06:22:29.781Z"}}, {"model": "web.team", "pk": 1, "fields": {"photo": "web/teams/fadil_5DPAyWu.jpg", "name": "FADHIL FAEZ", "designation": "CHAIRMAN & MANAGING DIRECTOR", "description": "Mr. Fadhil Mohammed (DIN 09141557) better known as fadhil faez is an young Indian entreprenuer,\r\nwho can be ranked among one of the youngest chairmans in india. He initiated Prospello's journey –\r\nfrom an usual advertisement agency to an integrated group of companies diversified into various\r\nindustries like technology, education, retailing, e-commerce, tourism and now going upstream with\r\nvarious future projects like restaurant, construction, production and so one . He strives to establish\r\nall the 16 visionary projects and its sub ventures of prospello global with its ever big project “ Global\r\nbusiness village” by 2040 under the banner of prospello."}}, {"model": "web.team", "pk": 2, "fields": {"photo": "web/teams/adnan_Ylchl4d.JPG", "name": "ADNAN LATHEEF EKP", "designation": "INDEPENDENT DIRECTOR", "description": "Mr. Adnan Latheef is an young Indian businessman, who is extremely passionate in finance\r\nmanagement of the company. He was one of the people who was there throughout Prospello's\r\njourney – right from an advertisement agency. He remains to be a strong pillar of the firm when it\r\ncomes to finance management and crisis management. His contributions to prospello always stay to\r\nbe feeding the company in pursuing its vision much more faster and healthier"}}, {"model": "web.team", "pk": 3, "fields": {"photo": "web/teams/anfas_j3YBHB3.png", "name": "PV ANFAS", "designation": "INDEPENDENT DIRECTOR", "description": "Mr. Pv Anfas is a Tech enthusiast who is an active member in all the management activities, a\r\nmathematics graduate who is extremely passionate in an entirely different department of work, sales\r\nand administration of the company. His contributions in the growth of Prospello are remarkable in the\r\nhistory of the company and always remain to be a strong fertilizer for its future oriented\r\ndevelopment. He is the elected president of career and startup acceleration committee of prospello\r\nwhere he leads the committee to generate as much as career and start up opportunities to the\r\nsociety under the banner of prospello"}}, {"model": "web.team", "pk": 4, "fields": {"photo": "web/teams/new_yakoob_cMl3KUk.jpeg", "name": "YAQOOB KC", "designation": "INDEPENDENT DIRECTOR", "description": "Mr. Yaqoob kc is one of the most creative members in our management activities, as a person with\r\nmore than 5 years of experience in the UX and Research industry His contributions and active\r\nresearches on the administration and business activities of prospello is a vital part in the growth and\r\ndevelopment of prospello global. He is the elected president of Employee benefits and welfare\r\ncommittee of prospello where he leads the committee to ensure the happiness and welfare of all our\r\nemployees and such associates to make sure that quality employees retain for as much long as\r\npossible under the banner of prospello"}}, {"model": "web.team", "pk": 5, "fields": {"photo": "web/teams/parabina_lxKp8Pf.jpeg", "name": "PRABHINA", "designation": "HEAD OF FINANCE DEPARTMENT", "description": "Mrs. Prabhina is in charge of overseeing the financial transactions and activities of the company.\r\nShe is a professional Finance Graduate With her Masters In Financial Management, she has been\r\nresponsible in developing budgets, monitoring transactions, Contribute to financial audits,Monitor all\r\nbank deposits and payments.Perform periodic financial analysis to detect and resolve problems\r\nand preparing financial reports. She possess strong accounting and analytical skills which remains\r\nto be a good asset for the company for its growth"}}, {"model": "web.role", "pk": 1, "fields": {"team": 1, "role": "Founder and Managing Director at HeuLearn LLP"}}, {"model": "web.role", "pk": 2, "fields": {"team": 1, "role": "Co-Founder and Managing Director at Prospello Technologies Pvt Ltd"}}, {"model": "web.role", "pk": 3, "fields": {"team": 1, "role": "Co-Founder and Managing Director at Prospello Communications Pvt Ltd"}}, {"model": "web.role", "pk": 4, "fields": {"team": 1, "role": "Director at MPB Builders and Developers LLP"}}, {"model": "web.role", "pk": 5, "fields": {"team": 1, "role": "Proprietor at K&F Motors"}}, {"model": "web.role", "pk": 6, "fields": {"team": 1, "role": "President at Prospello Charitable foundation"}}, {"model": "web.role", "pk": 7, "fields": {"team": 1, "role": "Chairman at Prospello Employee Benefits and welfare commitee"}}, {"model": "web.role", "pk": 8, "fields": {"team": 1, "role": "Chairman at Prospello Career and Start-up Acceleration committee"}}, {"model": "web.role", "pk": 9, "fields": {"team": 2, "role": "Co-founder and Director at Prospello communications Pvt Ltd"}}, {"model": "web.role", "pk": 10, "fields": {"team": 2, "role": "Executive Member at Prospello Charitable foundation"}}, {"model": "web.role", "pk": 11, "fields": {"team": 2, "role": "Member at prospello employee benefits and welfare committee"}}, {"model": "web.role", "pk": 12, "fields": {"team": 2, "role": "Member at prospello Career and Start-up Acceleration committee"}}, {"model": "web.role", "pk": 13, "fields": {"team": 3, "role": "Co-founder and Director at Prospello Technologies Pvt Ltd"}}, {"model": "web.role", "pk": 14, "fields": {"team": 3, "role": "President at Prospello career and Start-up Acceleration Committee"}}, {"model": "web.role", "pk": 15, "fields": {"team": 3, "role": "Member at prospello employee benefits and welfare committee"}}, {"model": "web.role", "pk": 16, "fields": {"team": 3, "role": "Executive Member at Prospello Charitable Foundation"}}, {"model": "web.role", "pk": 17, "fields": {"team": 4, "role": "Co-founder and Director at Prospello Communications Pvt Ltd"}}, {"model": "web.role", "pk": 18, "fields": {"team": 4, "role": "President at Prospello employee benefits and welfare committee"}}, {"model": "web.role", "pk": 19, "fields": {"team": 4, "role": "Member at prospello career and Start-up Acceleration Committee"}}, {"model": "web.role", "pk": 20, "fields": {"team": 4, "role": "Executive Member at Prospello Charitable Foundation"}}, {"model": "web.project", "pk": 1, "fields": {"title": "CHAI CHAYEI", "description": "When it comes to food, prospello do believe that feeding hunger is one of the most divine services\r\nthat anyone can do. We have a lot of dreams when it comes to serving people with the most\r\ndelicious and happening foods to ensure that we do satisfy their minds along with their tummy.\r\nProspello have laid its foundation in launching chai chayei from 2022, a traditional kerala tea outlet\r\nto be spread all across the world uplifting the taste and love from the kitchen of prospello."}}, {"model": "web.project", "pk": 2, "fields": {"title": "HEU VOYAGE", "description": "Being passionate travel lovers, we here at Prospello do believe that the worlds best medicine to\r\nstress is travel and the best doctor is nature, that's when the idea of heu voyage was born. We\r\ncouldn't find any better idea than stepping into the leisure industry when it came to spreading\r\nhappiness and peace to the customers. Prospello has initiated to lay the foundation for launching\r\none of the worlds best travel and leisure companies based in India by 2023."}}, {"model": "web.project", "pk": 3, "fields": {"title": "HEU STORE", "description": "An Exclusive E-commerce and Physical Platform concept where people are directly selling and\r\nbuying products at the best available prices, empowering start-ups and accelerating careers and\r\nrevenue for people remains to be the prime motto behind Prospello's heu store, a place where\r\npeople are earning for their living by selling and buying products. This would be a marketplace of\r\nprospello where vendors can sell and buyers can buy at the best as ensuring both satisfaction\r\nremains to be our job. Prospello have started its initial discussions and research on this project\r\nexpected to be launched by 2023"}}, {"model": "web.community", "pk": 1, "fields": {"title": "PROSPELLO CHARITABLE FOUNDATION", "description": "Prospello Charitable Foundation is a non-profit community founded by Prospello global group of\r\ncompanies by collaborating with different institutions in providing social service and aids to the\r\nneedy. It has a comprehensive development approach, Its prime objective is to create and support\r\nmeaningful activities through innovative institutions to address some of the society’s most pressing\r\ndevelopmental challenges The Foundation lays significant emphasis on leveraging technology for\r\ndevelopmental solutions. Following its model of direct engagement, and support the Foundation\r\ndirectly reaches out to the affected people through trained volunteers and representatives The core\r\naim of Prospello charitable foundation is to empower the poor communities by generating career\r\nopportunities, providing education, food and shelter to the needy. In this journey we take up pride in\r\nhosting campaigns, fundraising events etc to ensure we do support them as much as we can.Our strategy is to Engage, Empower, Execute and Exit: To engage rural communities with\r\ncorporates, young urban India, not-for-profit organizations and government to empower our\r\ncommunities to execute programs that transform their own lives."}}, {"model": "web.social", "pk": 1, "fields": {"instegram": "https://www.instagram.com/prospelloglobal/", "facebook": "https://www.facebook.com/Prospelloglobal-105903757920751", "linkedin": "https://www.linkedin.com/company/prospellotech/"}}]